{
  "generated_at": "2026-07-08T14:48:29",
  "arguments": {
    "config": "/home/mm/opendog_quadruped/src/ocs2_ros2/advance examples/ocs2_mpcnet/ocs2_ballbot_mpcnet/ocs2_ballbot_mpcnet/config/ballbot.yaml",
    "output_dir": "/tmp/ballbot_data_quality",
    "policy_file": null,
    "alpha": 1.0,
    "tasks": null,
    "duration": null,
    "time_step": null,
    "data_decimation": null,
    "samples": null,
    "threads": null,
    "device": "cpu"
  },
  "data_points": 900,
  "time_min": 1e-09,
  "time_max": 2.9000000300000033,
  "mode_counts": {
    "0": 900
  },
  "checks": [
    {
      "level": "PASS",
      "message": "Basic finite-value checks passed."
    }
  ],
  "stats": {
    "t": {
      "shape": [
        900
      ],
      "count": 900,
      "finite_count": 900,
      "nonfinite_count": 0,
      "finite_ratio": 1.0,
      "min": 1e-09,
      "p01": 1e-09,
      "mean": 1.450000015500001,
      "std": 0.8655441534953615,
      "p50": 1.4500000155000008,
      "p99": 2.9000000300000033,
      "max": 2.9000000300000033
    },
    "mode": {
      "shape": [
        900
      ],
      "count": 900,
      "finite_count": 900,
      "nonfinite_count": 0,
      "finite_ratio": 1.0,
      "min": 0.0,
      "p01": 0.0,
      "mean": 0.0,
      "std": 0.0,
      "p50": 0.0,
      "p99": 0.0,
      "max": 0.0
    },
    "x": {
      "shape": [
        900,
        10
      ],
      "count": 9000,
      "finite_count": 9000,
      "nonfinite_count": 0,
      "finite_ratio": 1.0,
      "min": -2.3323547184069433,
      "p01": -0.9296984025705582,
      "mean": -0.01920134011482094,
      "std": 0.3550214754275494,
      "p50": 0.010635381144865813,
      "p99": 0.8243683222163395,
      "max": 1.1214251064828116
    },
    "u": {
      "shape": [
        900,
        3
      ],
      "count": 2700,
      "finite_count": 2700,
      "nonfinite_count": 0,
      "finite_ratio": 1.0,
      "min": -11.956256402204039,
      "p01": -3.7263746442219947,
      "mean": 0.14102451562254403,
      "std": 1.9480108785626236,
      "p50": -0.032554229959676384,
      "p99": 7.925476414671319,
      "max": 10.418710756580158
    },
    "observation": {
      "shape": [
        900,
        10
      ],
      "count": 9000,
      "finite_count": 9000,
      "nonfinite_count": 0,
      "finite_ratio": 1.0,
      "min": -2.3323547184069433,
      "p01": -0.9296984025705582,
      "mean": 0.00011172980320117294,
      "std": 0.32250620139705466,
      "p50": 0.010362835705890892,
      "p99": 0.9863700850320215,
      "max": 1.1301433788239845
    },
    "action_matrix": {
      "shape": [
        900,
        3,
        3
      ],
      "count": 8100,
      "finite_count": 8100,
      "nonfinite_count": 0,
      "finite_ratio": 1.0,
      "min": 0.0,
      "p01": 0.0,
      "mean": 0.3333333333333333,
      "std": 0.47140452079103173,
      "p50": 0.0,
      "p99": 1.0,
      "max": 1.0
    },
    "action_vector": {
      "shape": [
        900,
        3
      ],
      "count": 2700,
      "finite_count": 2700,
      "nonfinite_count": 0,
      "finite_ratio": 1.0,
      "min": 0.0,
      "p01": 0.0,
      "mean": 0.0,
      "std": 0.0,
      "p50": 0.0,
      "p99": 0.0,
      "max": 0.0
    },
    "H": {
      "shape": [
        900
      ],
      "count": 900,
      "finite_count": 900,
      "nonfinite_count": 0,
      "finite_ratio": 1.0,
      "min": -112.3438928727229,
      "p01": -32.20398161940483,
      "mean": 1.5883499224406807,
      "std": 14.10772358202392,
      "p50": 0.14936488123558167,
      "p99": 67.23950134186941,
      "max": 100.06852686844127
    },
    "dHdx": {
      "shape": [
        900,
        10
      ],
      "count": 9000,
      "finite_count": 9000,
      "nonfinite_count": 0,
      "finite_ratio": 1.0,
      "min": -3667.7218305694046,
      "p01": -181.4650020917988,
      "mean": -3.1782956567608585,
      "std": 279.7847020837682,
      "p50": -0.010313246309625245,
      "p99": 190.43043454253834,
      "max": 4617.367915232271
    },
    "dHdu": {
      "shape": [
        900,
        3
      ],
      "count": 2700,
      "finite_count": 2700,
      "nonfinite_count": 0,
      "finite_ratio": 1.0,
      "min": -11.506739557131263,
      "p01": -8.886100116075777,
      "mean": -0.29778450706475906,
      "std": 2.074820922354388,
      "p50": 0.0,
      "p99": 5.643167883552861,
      "max": 9.967809620413208
    },
    "dHdxx": {
      "shape": [
        900,
        10,
        10
      ],
      "count": 90000,
      "finite_count": 90000,
      "nonfinite_count": 0,
      "finite_ratio": 1.0,
      "min": -5190.931875497264,
      "p01": -925.7685598236154,
      "mean": 121.70471357520375,
      "std": 810.6591990592999,
      "p50": 0.023594381843622888,
      "p99": 3820.9821970871976,
      "max": 14773.941818954023
    },
    "dHdux": {
      "shape": [
        900,
        3,
        10
      ],
      "count": 27000,
      "finite_count": 27000,
      "nonfinite_count": 0,
      "finite_ratio": 1.0,
      "min": -106.75072431037204,
      "p01": -73.35200907752994,
      "mean": -2.2167011767240465,
      "std": 26.04700742428502,
      "p50": -5.265414004609533,
      "p99": 80.86559952759605,
      "max": 112.84634899432723
    },
    "dHduu": {
      "shape": [
        900,
        3,
        3
      ],
      "count": 8100,
      "finite_count": 8100,
      "nonfinite_count": 0,
      "finite_ratio": 1.0,
      "min": 0.0,
      "p01": 0.0,
      "mean": 0.6666666666666666,
      "std": 0.9428090415820635,
      "p50": 0.0,
      "p99": 2.0,
      "max": 2.0
    },
    "x_norm": {
      "shape": [
        900
      ],
      "count": 900,
      "finite_count": 900,
      "nonfinite_count": 0,
      "finite_ratio": 1.0,
      "min": 0.7573291882649226,
      "p01": 0.7603942419711653,
      "mean": 1.077786904616764,
      "std": 0.3201012074425916,
      "p50": 1.0619073115211701,
      "p99": 2.3974402463516955,
      "max": 2.4184937059791234
    },
    "u_norm": {
      "shape": [
        900
      ],
      "count": 900,
      "finite_count": 900,
      "nonfinite_count": 0,
      "finite_ratio": 1.0,
      "min": 0.07987775018285642,
      "p01": 0.19915102081317834,
      "mean": 2.3187495166024212,
      "std": 2.4631897146323767,
      "p50": 1.8663808530020605,
      "p99": 12.520442126834304,
      "max": 15.021013135745966
    },
    "observation_norm": {
      "shape": [
        900
      ],
      "count": 900,
      "finite_count": 900,
      "nonfinite_count": 0,
      "finite_ratio": 1.0,
      "min": 0.1041625550377175,
      "p01": 0.1198585652893584,
      "mean": 0.8459729635955204,
      "std": 0.5695896497448643,
      "p50": 0.758816807356061,
      "p99": 2.629230439971411,
      "max": 2.650439676778184
    },
    "dHdu_norm": {
      "shape": [
        900
      ],
      "count": 900,
      "finite_count": 900,
      "nonfinite_count": 0,
      "finite_ratio": 1.0,
      "min": 1.2412670766236366e-16,
      "p01": 4.308824046522781e-16,
      "mean": 1.7210342007151234,
      "std": 3.1966722849599076,
      "p50": 0.5013272248273443,
      "p99": 18.36052130657589,
      "max": 18.375328542835838
    },
    "dHduu_eigs": {
      "shape": [
        900,
        3
      ],
      "count": 2700,
      "finite_count": 2700,
      "nonfinite_count": 0,
      "finite_ratio": 1.0,
      "min": 2.0,
      "p01": 2.0,
      "mean": 2.0,
      "std": 0.0,
      "p50": 2.0,
      "p99": 2.0,
      "max": 2.0
    },
    "dHduu_min_eig": {
      "shape": [
        900
      ],
      "count": 900,
      "finite_count": 900,
      "nonfinite_count": 0,
      "finite_ratio": 1.0,
      "min": 2.0,
      "p01": 2.0,
      "mean": 2.0,
      "std": 0.0,
      "p50": 2.0,
      "p99": 2.0,
      "max": 2.0
    }
  }
}